City_ID,City,Lat,Lng,Max Temp,Humidity,Cloudiness,Wind Speed,Country,Date
0,bilibino,68.0546,166.4372,-14.17,100,100,2.26,RU,1701735474
1,vadso,70.0744,29.7487,28.56,64,75,10.36,NO,1701735457
2,adamstown,-25.066,-130.1015,73.2,76,91,11.65,PN,1701735423
3,blackmans bay,-43.0167,147.3167,72.52,58,95,3.0,AU,1701735428
4,peace river,56.2501,-117.286,30.51,86,75,4.61,CA,1701735487
5,port-aux-francais,-49.35,70.2167,39.16,72,63,24.2,TF,1701735418
6,yunfu,22.9306,112.0373,59.13,83,89,2.42,CN,1701735668
7,invercargill,-46.4,168.35,58.95,47,20,7.05,NZ,1701735445
8,port mathurin,-19.6833,63.4167,78.64,81,33,12.53,MU,1701735471
9,puerto ayora,-0.7393,-90.3518,75.54,92,84,5.01,EC,1701735426
10,preobrazheniye,42.9019,133.9064,33.12,64,3,4.7,RU,1701735463
11,odda,60.0691,6.5457,28.78,96,23,4.43,NO,1701735669
12,ribeira grande,38.5167,-28.7,63.77,82,89,17.0,PT,1701735438
13,abyek,36.0667,50.55,33.4,25,43,1.77,IR,1701735670
14,hawaiian paradise park,19.5933,-154.9731,80.11,81,0,10.36,US,1701735450
15,bredasdorp,-34.5322,20.0403,62.01,71,89,2.51,ZA,1701735450
16,ust-nera,64.5667,143.2,-52.15,98,79,5.03,RU,1701735421
17,badger,64.8,-147.5333,-1.64,81,40,0.0,US,1701735441
18,waitangi,-43.9535,-176.5597,56.82,67,74,3.0,NZ,1701735436
19,whangarei,-35.7317,174.3239,66.38,94,100,3.74,NZ,1701735671
20,utrik,11.2278,169.8474,81.39,79,60,19.93,MH,1701735478
21,puerto natales,-51.7236,-72.4875,50.38,79,90,11.79,CL,1701735444
22,okhotsk,59.3833,143.3,-28.55,83,27,11.92,RU,1701735534
23,imbituba,-28.24,-48.6703,68.92,94,100,11.14,BR,1701735672
24,newman,37.3138,-121.0208,64.29,45,68,1.01,US,1701735539
25,avarua,-21.2078,-159.775,73.45,94,75,13.8,CK,1701735458
26,tiksi,71.6872,128.8694,-14.64,98,100,8.21,RU,1701735462
27,alaghsas,17.0187,8.0168,72.27,17,21,11.41,NE,1701735582
28,pineville,31.3224,-92.4343,53.87,49,0,8.05,US,1701735673
29,susuman,62.7833,148.1667,-45.02,100,99,1.99,RU,1701735518
30,usogorsk,63.4106,48.6872,2.66,98,98,4.65,RU,1701735447
31,iqaluit,63.7506,-68.5145,15.53,86,75,3.44,CA,1701735454
32,holualoa,19.6228,-155.9522,78.64,76,40,9.22,US,1701735239
33,pitimbu,-7.4706,-34.8086,81.19,79,89,12.5,BR,1701735674
34,perry,37.2506,-83.1999,51.98,86,68,3.29,US,1701735445
35,lebu,-37.6167,-73.65,54.41,88,0,16.75,CL,1701735535
36,bandarbeyla,9.4942,50.8122,76.06,75,55,21.43,SO,1701735675
37,fale old settlement,-9.3852,-171.2468,83.95,76,89,12.82,TK,1701735517
38,albany,42.6001,-73.9662,40.68,86,100,3.0,US,1701735283
39,stanley,54.868,-1.6985,41.77,94,75,9.22,GB,1701735416
40,la ronge,55.1001,-105.2842,23.25,86,75,5.75,CA,1701735676
41,bethel,41.3712,-73.414,45.54,71,0,4.61,US,1701735417
42,la'ie,21.6477,-157.9253,85.96,74,18,7.0,US,1701735530
43,sabang,5.8933,95.3214,78.98,85,100,2.91,ID,1701735677
44,taoudenni,22.6783,-3.9836,69.53,26,14,11.68,ML,1701735677
45,katsuren-haebaru,26.3369,127.8719,75.22,78,75,14.97,JP,1701735678
46,anadyr,64.75,177.4833,-1.7,84,40,15.66,RU,1701735432
47,tromso,69.6496,18.957,24.82,86,40,2.3,NO,1701735495
48,laojunmiao,39.8333,97.7333,27.79,37,72,19.8,CN,1701735444
49,saint-francois,46.4154,3.9054,45.84,77,100,12.66,FR,1701735543
50,isafjordur,66.0755,-23.124,31.48,84,100,8.34,IS,1701735453
51,tazovsky,67.4667,78.7,-34.26,100,29,3.02,RU,1701735520
52,bikenibeu village,1.3673,173.1241,82.08,80,98,18.03,KI,1701735556
53,masina,-4.3836,15.3914,72.79,95,100,1.63,CD,1701735680
54,udachny,66.4167,112.4,-38.56,72,96,3.76,RU,1701735525
55,krutinka,56.0055,71.5113,12.25,95,100,15.73,RU,1701735681
56,outjo,-20.1167,16.15,73.71,55,97,5.17,NA,1701735681
57,kodiak,57.79,-152.4072,35.11,93,100,19.57,US,1701735435
58,yellowknife,62.456,-114.3525,-5.93,100,77,4.27,CA,1701735289
59,jamestown,42.097,-79.2353,36.55,97,100,10.36,US,1701735471
60,kapuskasing,49.4169,-82.4331,15.89,85,75,4.61,CA,1701735459
61,fort bragg,35.139,-79.006,53.91,67,0,0.0,US,1701735466
62,wailua homesteads,22.0669,-159.378,80.13,72,0,13.8,US,1701735469
63,thompson,55.7435,-97.8558,21.36,93,100,0.0,CA,1701735337
64,west island,-12.1568,96.8225,80.58,78,40,12.66,CC,1701735452
65,longyearbyen,78.2186,15.6401,26.44,74,75,14.97,SJ,1701735446
66,ballina,-28.8667,153.5667,79.79,64,13,7.47,AU,1701735395
67,keflavik,64.0049,-22.5624,37.83,87,75,20.71,IS,1701735471
68,prado,-17.3411,-39.2208,78.33,85,1,12.03,BR,1701735684
69,kruisfontein,-34.0033,24.7314,59.88,91,7,8.1,ZA,1701735529
70,villa emilio carranza,19.9667,-96.6,70.99,84,100,9.44,MX,1701735684
71,edinburgh of the seven seas,-37.0676,-12.3116,61.45,95,97,23.64,SH,1701735418
72,colonia,50.9333,6.95,39.58,90,75,9.22,DE,1701735180
73,bull savanna,17.8868,-77.5902,76.51,79,28,4.14,JM,1701735685
74,papatowai,-46.5619,169.4708,59.68,55,6,10.69,NZ,1701735447
75,flying fish cove,-10.4217,105.6791,78.48,83,75,12.66,CX,1701735522
76,posto fiscal rolim de moura,-13.0833,-62.2667,73.76,96,100,2.86,BR,1701735686
77,bikaner,28.0167,73.3,61.39,41,0,5.17,IN,1701735687
78,tolanaro,-25.0319,46.9987,71.74,85,79,12.95,MG,1701735520
79,daru,-9.0763,143.2092,85.51,65,51,11.05,PG,1701735551
80,grytviken,-54.2811,-36.5092,33.58,71,27,9.44,GS,1701735417
81,st. john's,47.5649,-52.7093,33.98,96,100,12.66,CA,1701735453
82,zheleznodorozhnyy,55.7503,38.0042,10.92,99,47,3.13,RU,1701735688
83,lihue,21.9789,-159.3672,80.74,71,0,13.8,US,1701735435
84,old orchard beach,43.5173,-70.3775,35.26,88,100,5.75,US,1701735688
85,puerto maldonado,-12.6,-69.1833,74.43,98,89,1.21,PE,1701735689
86,egilsstadir,65.2653,-14.3948,12.11,92,40,4.61,IS,1701735430
87,olonkinbyen,70.9221,-8.7187,28.69,79,100,10.4,SJ,1701735519
88,carnarvon,-24.8667,113.6333,79.65,57,24,19.86,AU,1701735540
89,laguna,38.421,-121.4238,67.1,66,0,0.0,US,1701735456
90,dawei,14.0833,98.2,75.4,86,91,2.82,MM,1701735690
91,wuxue,29.8506,115.5525,48.54,50,62,2.75,CN,1701735691
92,uturoa,-16.7333,-151.4333,80.35,79,100,17.2,PF,1701735460
93,enewetak,11.3474,162.3373,81.9,74,98,21.27,MH,1701735448
94,fortuna,40.5982,-124.1573,62.98,87,100,14.97,US,1701735692
95,merlo,-32.3429,-65.014,55.9,64,99,7.72,AR,1701735692
96,palmer,42.1584,-72.3287,44.24,81,75,3.44,US,1701735616
97,zemoura,35.7225,0.7551,57.24,54,97,3.51,DZ,1701735693
98,remire-montjoly,4.9167,-52.2667,80.64,89,0,2.3,GF,1701735419
99,barabinsk,55.3571,78.357,5.59,94,100,9.48,RU,1701735695
100,yuzhno-kurilsk,44.0306,145.8556,39.38,68,11,14.07,RU,1701735455
101,'ain el melh,34.8415,4.1638,47.23,41,94,5.01,DZ,1701735696
102,port victoria,0.0939,33.9756,69.04,81,73,7.49,KE,1701735696
103,cannonvale,-20.2833,148.7,83.59,66,26,13.89,AU,1701735697
104,shingu,33.7333,135.9833,50.77,72,100,8.28,JP,1701735698
105,hithadhoo,-0.6,73.0833,80.37,75,90,1.7,MV,1701735493
106,alice springs,-23.7,133.8833,94.55,15,0,16.11,AU,1701735464
107,barakani,-12.1356,44.4317,80.64,78,90,5.66,KM,1701735699
108,fiche,9.8,38.7333,48.9,54,17,1.32,ET,1701735699
109,kingston,17.997,-76.7936,80.24,84,41,3.51,JM,1701735227
110,nova sintra,14.8667,-24.7167,72.54,77,43,9.89,CV,1701735438
111,itoman,26.1247,127.6694,75.22,78,75,25.32,JP,1701735700
112,arar,30.9753,41.0381,55.42,44,0,0.0,SA,1701735700
113,urjala,61.0833,23.5333,10.83,98,76,2.08,FI,1701735700
114,georgetown,5.4112,100.3354,80.94,83,20,5.75,MY,1701735438
115,kailua-kona,19.6406,-155.9956,82.36,75,40,9.22,US,1701735501
116,punta arenas,-53.15,-70.9167,55.11,66,100,18.88,CL,1701735159
117,ngaruawahia,-37.6674,175.1555,66.42,86,100,4.0,NZ,1701735702
118,vorgashor,67.5833,63.95,-18.4,94,5,5.44,RU,1701735502
119,midvagur,62.0511,-7.1939,36.43,80,75,8.05,FO,1701735702
120,sisimiut,66.9395,-53.6735,19.92,80,100,6.55,GL,1701735506
121,atafu village,-8.5421,-172.5159,84.51,76,83,13.15,TK,1701735430
122,hermanus,-34.4187,19.2345,62.64,73,99,5.61,ZA,1701735453
123,zhezqazghan,47.7833,67.7667,34.92,66,100,8.23,KZ,1701735703
124,nouadhibou,20.931,-17.0347,66.18,82,97,12.66,MR,1701735703
125,talnakh,69.4865,88.3972,-25.8,85,99,3.38,RU,1701735477
126,petropavlovsk-kamchatsky,53.0452,158.6483,23.59,81,100,8.01,RU,1701735487
127,margaret river,-33.95,115.0667,62.87,62,100,5.73,AU,1701735426
128,aoulef,26.9667,1.0833,58.53,27,3,9.71,DZ,1701735704
129,yaren,-0.5472,166.916,83.07,76,98,11.48,NR,1701735705
130,arteche,12.2645,125.4048,80.94,88,70,7.31,PH,1701735705
131,whitehorse,60.7161,-135.0538,18.37,92,100,0.0,CA,1701735452
132,sitka,57.0531,-135.33,48.09,61,75,21.85,US,1701735473
133,klyuchi,52.2667,79.1667,21.15,86,100,14.14,RU,1701735567
134,lawas,13.764,121.0566,80.98,81,96,5.32,PH,1701735706
135,murzuq,25.9155,13.9184,56.71,57,0,7.81,LY,1701735581
136,touros,-5.1989,-35.4608,79.88,81,51,12.57,BR,1701735582
137,agua dulce,18.1333,-94.1333,74.98,86,59,14.52,MX,1701735706
138,fuente obejuna,38.2667,-5.4167,45.72,92,100,1.74,ES,1701735707
139,cienega de flores,25.95,-100.1833,68.52,63,40,2.3,MX,1701735664
140,ballito,-29.539,31.2144,68.14,94,75,12.66,ZA,1701735628
141,chinchilla,-26.75,150.6333,82.72,52,7,7.11,AU,1701735708
142,dalandzadgad,43.5708,104.425,26.83,48,95,22.5,MN,1701735708
143,kirakira,-10.4544,161.9205,79.3,90,100,8.52,SB,1701735708
144,nemuro,43.3236,145.575,43.7,82,3,18.3,JP,1701735418
145,goundi,9.3627,17.366,77.85,40,83,1.95,TD,1701735709
146,santa cruz,-17.8,-63.1667,76.46,83,75,4.61,BO,1701735304
147,menaka,15.9182,2.4022,76.87,15,42,8.86,ML,1701735709
148,coquimbo,-29.9533,-71.3436,58.73,82,75,8.05,CL,1701735516
149,capitao poco,-1.7464,-47.0594,74.66,93,89,1.61,BR,1701735709
150,nar'yan-mar,67.6713,53.087,-14.89,93,18,8.99,RU,1701735442
151,kelo,9.3086,15.8066,77.5,23,63,2.68,TD,1701735710
152,choibalsan,48.0667,114.5,24.93,70,91,20.78,MN,1701735710
153,sogndal,61.2283,7.1003,17.98,85,100,0.0,NO,1701735710
154,enshi,30.3,109.4833,47.91,94,69,0.49,CN,1701735710
155,iron mountain,45.8202,-88.066,30.13,75,0,0.0,US,1701735641
156,santa terezinha,-29.9002,-50.0904,66.99,84,100,13.04,BR,1701735492
157,grajau,-5.8194,-46.1386,74.91,85,89,2.8,BR,1701735711
158,glendive,47.1053,-104.7125,31.69,80,0,9.22,US,1701735711
159,port elizabeth,-33.918,25.5701,62.1,80,0,8.05,ZA,1701735478
160,hasaki,35.7333,140.8333,41.4,54,100,10.76,JP,1701735467
161,taro,-8.3862,115.28,73.4,90,100,2.77,ID,1701735712
162,tamanrasset,22.785,5.5228,55.31,18,0,6.91,DZ,1701735568
163,kyela,-9.5833,33.85,73.54,84,99,2.17,TZ,1701735712
164,khilok,51.3674,110.4676,17.6,81,100,17.4,RU,1701735712
165,zaozersk,69.4005,32.4476,10.69,97,93,2.35,RU,1701735714
166,tsiombe,-25.3,45.4833,69.35,86,3,9.93,MG,1701735580
167,novo aripuana,-5.1206,-60.3797,77.07,80,96,2.06,BR,1701735714
168,villa gesell,-37.2639,-56.973,58.05,63,4,12.41,AR,1701735714
169,east london,-33.0153,27.9116,62.56,78,5,10.78,ZA,1701735417
170,tura,25.5198,90.2201,65.37,67,96,2.89,IN,1701735462
171,tres lagoas,-20.7511,-51.6783,77.05,77,100,3.51,BR,1701735715
172,aasiaat,68.7098,-52.8699,7.84,90,95,5.99,GL,1701735459
173,anshun,26.25,105.9333,48.85,85,100,2.98,CN,1701735715
174,east ballina,-28.8667,153.5833,79.81,64,13,7.56,AU,1701735715
175,cidreira,-30.1811,-50.2056,67.39,79,100,14.81,BR,1701735440
176,nyagan,62.1406,65.3936,-2.96,97,100,8.93,RU,1701735716
177,semnan,35.5729,53.3971,45.23,32,0,1.41,IR,1701735716
178,port lincoln,-34.7333,135.8667,71.29,59,100,6.8,AU,1701735499
179,ola,59.5833,151.2833,-14.91,90,62,7.49,RU,1701735535
180,jatoi shimali,29.5165,70.8503,60.64,34,0,2.82,PK,1701735716
181,christchurch,-43.5333,172.6333,62.55,67,100,21.85,NZ,1701735321
182,santa elena de uairen,4.6167,-61.1333,76.24,52,80,5.53,VE,1701735717
183,aitape,-3.1374,142.3475,78.04,88,100,5.1,PG,1701735717
184,salalah,17.0151,54.0924,73.44,61,30,5.77,OM,1701735717
185,tot'ma,59.9747,42.7642,8.08,97,100,2.53,RU,1701735717
186,richmond,37.5538,-77.4603,48.65,73,0,0.0,US,1701735472
187,iskateley,67.6803,53.1512,-14.98,93,17,8.99,RU,1701735422
188,kainantu,-6.2887,145.8655,76.12,54,74,2.55,PG,1701735718
189,ushuaia,-54.8,-68.3,55.06,58,75,11.5,AR,1701735420
190,veraval,20.9,70.3667,72.99,60,14,15.26,IN,1701735718
191,moapa valley,36.5805,-114.4703,67.68,39,33,1.9,US,1701735428
192,tidjikja,18.5564,-11.4271,72.82,19,8,10.67,MR,1701735719
193,lubango,-14.9172,13.4925,60.28,94,97,1.81,AO,1701735719
194,kourou,5.1552,-52.6478,80.65,87,12,7.02,GF,1701735719
195,ibiza,38.9088,1.433,60.22,69,0,13.8,ES,1701735719
196,mil'kovo,55.6078,37.7956,10.89,97,43,4.38,RU,1701735720
197,puerto francisco de orellana,-0.4667,-76.9667,76.53,79,25,1.16,EC,1701735720
198,queenstown,-31.8976,26.8753,55.69,84,100,6.44,ZA,1701735720
199,lompoc,34.6391,-120.4579,72.01,50,0,5.75,US,1701735424
200,colonia menno,-22.3667,-59.8167,66.29,85,100,11.14,PY,1701735721
201,limulunga,-15.0969,23.1376,69.69,77,35,5.97,ZM,1701735721
202,aljezur,37.3191,-8.8033,54.84,82,100,5.95,PT,1701735485
203,puerto lempira,15.2667,-83.7667,78.08,89,17,9.17,HN,1701735721
204,chegdomyn,51.1167,133.0167,5.23,92,99,0.45,RU,1701735721
205,fisterra,42.9049,-9.2629,43.75,62,44,5.53,ES,1701735455
206,lagoa,39.05,-27.9833,62.28,72,88,20.51,PT,1701735722
207,g'uzor,38.6214,66.2522,42.84,31,3,5.3,UZ,1701735722
208,cape canaveral,28.4058,-80.6048,77.07,73,0,10.36,US,1701735723
209,coahuayana de hidalgo,18.7,-103.6583,78.71,69,100,4.54,MX,1701735723
210,qaqortoq,60.7167,-46.0333,21.34,70,100,9.91,GL,1701735457
211,crane,31.3974,-102.3501,59.11,28,0,9.06,US,1701735724
212,howard springs,-12.497,131.047,90.99,79,85,1.45,AU,1701735725
213,al-hamdaniya,36.2715,43.3737,55.42,44,8,3.71,IQ,1701735725
214,broome,42.2506,-75.833,40.55,87,100,8.05,US,1701735434
215,hamilton,39.1834,-84.5333,42.24,84,40,4.61,US,1701735386
216,yamba,-5.9,22.3,69.01,100,100,1.92,CD,1701735726
217,kone,-21.0595,164.8658,90.09,47,100,2.71,NC,1701735490
218,cavalaire-sur-mer,43.174,6.5272,46.74,86,100,4.81,FR,1701735727
219,wenchang,30.904,118.4887,46.81,60,0,4.63,CN,1701735579
220,theunissen,-28.411,26.7011,65.14,45,32,1.39,ZA,1701735728
221,hegang,47.4,130.3667,3.61,95,18,0.72,CN,1701735728
222,island harbour,50.724,-1.2758,44.22,94,100,4.0,GB,1701735728
223,haiku-pauwela,20.9219,-156.3051,81.18,67,20,20.71,US,1701735518
224,dryden,49.7833,-92.7503,28.69,86,100,0.0,CA,1701735523
225,pasuquin,18.3328,120.6177,80.55,89,40,4.61,PH,1701735729
226,simpang,-1.2667,104.0833,74.86,98,99,1.79,ID,1701735729
227,minas de marcona,-15.2119,-75.1103,60.12,80,100,12.82,PE,1701735440
228,lerwick,60.1545,-1.1494,35.6,72,46,5.41,GB,1701735515
229,ilulissat,69.2167,-51.1,12.22,85,88,3.44,GL,1701735427
230,kilindoni,-7.9139,39.6668,80.65,73,56,1.48,TZ,1701735730
231,rongelap,11.1635,166.8941,81.91,72,75,19.22,MH,1701735526
232,waingapu,-9.6567,120.2641,83.59,69,74,2.35,ID,1701735555
233,nagqu,31.5,92.0,16.34,94,100,3.8,CN,1701735731
234,san juan de miraflores,-12.1629,-76.9635,70.18,77,99,6.82,PE,1701735731
235,namibe,-15.1961,12.1522,74.53,87,99,2.98,AO,1701735533
236,ancud,-41.8697,-73.8203,54.1,82,15,2.42,CL,1701735447
237,kununurra,-15.7667,128.7333,89.58,51,22,3.44,AU,1701735732
238,port alfred,-33.5906,26.891,59.18,90,36,1.01,ZA,1701735439
239,saipan,15.1355,145.701,84.9,74,40,18.41,MP,1701735429
240,mount isa,-20.7333,139.5,96.57,28,38,10.36,AU,1701735475
241,pokhara,28.2333,83.9833,57.13,72,42,5.73,NP,1701735733
242,amga,60.8953,131.9608,-57.17,100,68,2.17,RU,1701735733
243,prince rupert,54.3161,-130.3201,49.69,97,100,28.77,CA,1701735540
244,codrington,-38.2667,141.9667,73.47,45,80,6.4,AU,1701735509
245,weno,7.4515,151.8468,87.75,66,20,9.22,FM,1701735533
246,maysville,38.6412,-83.7444,43.05,81,0,3.44,US,1701735734
247,hammamet,36.4,10.6167,55.26,57,100,7.52,TN,1701735504
248,savanna-la-mar,18.219,-78.1332,82.35,84,59,4.25,JM,1701735734
249,ponta delgada,37.7333,-25.6667,54.32,71,20,3.44,PT,1701735535
250,palora,-1.7,-77.9333,66.9,97,70,3.02,EC,1701735735
251,cole harbour,44.6724,-63.4751,32.97,93,100,8.99,CA,1701735735
252,gaigeturi,33.4644,126.3183,53.65,62,0,4.61,KR,1701735735
253,aban,56.67,96.06,-5.57,85,100,14.88,RU,1701735736
254,curumani,9.1999,-73.5427,79.65,74,3,5.53,CO,1701735736
255,vilyuchinsk,52.9306,158.4028,25.07,85,61,1.1,RU,1701735449
256,hammerfest,70.6634,23.6821,23.45,68,0,4.61,NO,1701735736
257,kanganpur,30.7663,74.1231,58.32,53,0,1.97,PK,1701735440
258,modimolle,-24.7,28.4,72.88,27,23,10.89,ZA,1701735737
259,inhambane,-23.865,35.3833,72.59,82,3,5.06,MZ,1701735521
260,zuromin,53.0661,19.9089,21.52,93,63,6.08,PL,1701735738
261,brookings,44.3114,-96.7984,36.05,76,75,6.91,US,1701735309
262,itaperuna,-21.205,-41.8878,76.03,94,80,4.0,BR,1701735738
263,mili,6.0815,171.735,82.85,82,80,20.67,MH,1701735739
264,porto novo,6.4965,2.6036,82.22,85,0,5.12,BJ,1701735580
265,harrisville,41.2813,-111.9883,50.52,70,0,0.0,US,1701735739
266,oum hadjer,13.2954,19.6966,76.23,13,100,10.31,TD,1701735547
267,kronoby,63.7286,23.0339,15.91,92,98,3.44,FI,1701735740
268,skaelskor,55.2506,11.2935,31.98,100,100,17.34,DK,1701735740
269,sabha,27.0377,14.4283,55.17,60,0,8.81,LY,1701735431
270,quiberon,47.4841,-3.1196,49.19,71,29,10.0,FR,1701735741
271,kapa'a,22.0752,-159.319,80.47,71,0,13.8,US,1701735742
272,khanty-mansiysk,61.0042,69.0019,-11.09,70,20,8.95,RU,1701735481
273,cabedelo,-6.9811,-34.8339,81.27,80,57,12.68,BR,1701735742
274,rong'an,26.1247,119.1214,58.69,92,29,2.8,CN,1701735743
275,boryeong,36.3493,126.5977,37.36,68,67,6.17,KR,1701735743
276,shumikha,55.2261,63.2961,33.6,98,100,12.77,RU,1701735744
277,kramfors,62.9316,17.7765,10.18,85,100,2.3,SE,1701735744
278,zag,46.9441,99.165,0.77,84,2,4.47,MN,1701735532
279,vallenar,-28.5708,-70.7581,69.87,48,0,4.23,CL,1701735446
280,ironwood,46.4547,-90.171,32.81,75,100,5.75,US,1701735745
281,buckeye,33.3703,-112.5838,68.41,42,0,4.61,US,1701735738
282,bel ombre,-4.6167,55.4167,82.09,76,100,9.42,SC,1701735746
283,kursenai,55.985,22.9189,19.65,94,26,6.29,LT,1701735746
284,gobabis,-22.45,18.9667,75.85,44,94,7.07,NA,1701735746
285,whakatane,-37.9585,176.9854,63.45,71,100,10.27,NZ,1701735747
286,ketchikan,55.3422,-131.6461,48.34,93,100,11.5,US,1701735530
287,mikuni,36.2171,136.1519,40.91,58,100,5.3,JP,1701735704
288,portland,45.5234,-122.6762,64.81,81,100,11.5,US,1701735345
289,chonchi,-42.6128,-73.8092,61.81,84,36,5.57,CL,1701735486
290,mount pearl,47.5166,-52.7813,33.15,96,100,12.66,CA,1701735565
291,kuanda,56.3161,116.0806,5.68,98,100,1.68,RU,1701735748
292,berdigestyakh,62.0989,126.6992,-48.01,100,54,4.34,RU,1701735749
293,yarmouth,41.7057,-70.2286,45.07,92,0,4.61,US,1701735749
294,faro,37.0194,-7.9322,55.96,82,20,5.75,PT,1701735701
295,avon,41.4517,-82.0354,38.95,84,100,9.22,US,1701735750
296,at taj,24.2049,23.2857,58.6,30,0,10.78,LY,1701735750
297,lyubashivka,47.8372,30.2598,26.06,67,1,3.94,UA,1701735750
298,tuy hoa,13.0833,109.3,75.16,90,83,4.09,VN,1701735751
299,sao jose da coroa grande,-8.8978,-35.1478,79.25,84,95,10.89,BR,1701735578
300,ha giang,22.8333,104.9833,65.68,98,100,1.45,VN,1701735751
301,acapulco de juarez,16.8634,-99.8901,84.02,74,100,10.36,MX,1701735471
302,paphos,34.7667,32.4167,62.38,63,0,5.75,CY,1701735752
303,kentville,45.0835,-64.4988,32.72,89,100,2.3,CA,1701735752
304,howrah,22.5892,88.3103,73.4,78,75,12.66,IN,1701735434
305,cloverdale,38.8055,-123.0172,67.93,72,11,3.0,US,1701735752
306,kigoma,-4.8769,29.6267,70.25,91,100,5.73,TZ,1701735753
307,la passe,45.5549,-0.8967,49.98,61,67,21.61,FR,1701735502
308,sijunjung,-0.6876,100.9537,74.19,94,91,0.27,ID,1701735580
309,pisco,-13.7,-76.2167,68.05,83,0,12.66,PE,1701735455
310,naze,28.3667,129.4833,65.32,81,71,16.51,JP,1701735499
311,vila franca do campo,37.7167,-25.4333,54.01,80,18,4.12,PT,1701735754
312,college,64.8569,-147.8028,-1.55,74,40,0.0,US,1701735425
313,isangel,-19.55,169.2667,83.71,69,88,7.18,VU,1701735754
314,zuyevka,58.405,51.1335,8.47,95,95,7.2,RU,1701735755
315,cill airne,52.05,-9.5167,37.17,90,10,3.71,IE,1701735755
316,praia da vitoria,38.7333,-27.0667,62.76,72,20,10.49,PT,1701735483
317,sambava,-14.2667,50.1667,74.32,84,1,10.42,MG,1701735755
318,kerouane,9.2667,-9.0167,70.83,46,46,3.22,GN,1701735756
319,bjuv,56.0837,12.9191,34.99,95,87,1.14,SE,1701735756
320,villa bruzual,9.3328,-69.1208,81.36,57,90,1.86,VE,1701735757
321,acarau,-2.8856,-40.12,80.78,80,91,14.65,BR,1701735757
322,bengkulu,-3.8004,102.2655,75.99,90,100,3.91,ID,1701735757
323,tralee,52.2704,-9.7026,41.27,80,12,7.36,IE,1701735758
324,anar darah,32.7587,61.654,52.21,27,1,3.15,AF,1701735759
325,la foa,-21.7108,165.8276,85.37,55,100,5.17,NC,1701735759
326,ugoofaaru,5.6667,73.0,83.66,74,80,14.97,MV,1701735759
327,znamenskoye,57.1281,73.8282,3.51,95,100,10.56,RU,1701735759
328,borogontsy,62.6683,131.1683,-57.05,100,64,3.31,RU,1701735760
329,malabar,-33.9667,151.25,91.02,56,0,8.05,AU,1701735760
330,todos santos,23.45,-110.2167,79.45,70,0,1.92,MX,1701735760
331,adrar,20.5022,-10.0711,68.13,28,52,6.93,MR,1701735761
332,al jawf,29.5,38.75,64.8,42,0,15.7,SA,1701735528
333,i-n-salah,27.1935,2.4607,56.28,37,15,10.02,DZ,1701735761
334,attapeu,14.8,106.8333,73.51,86,95,2.51,LA,1701735762
335,roma,43.2128,-75.4557,35.73,91,100,11.99,US,1701735281
336,vila velha,-20.3297,-40.2925,80.55,82,0,13.8,BR,1701735572
337,bolhrad,45.6826,28.6149,30.78,71,10,6.62,UA,1701735762
338,puerto baquerizo moreno,-0.9,-89.6,74.68,81,75,9.8,EC,1701735446
339,cheremshan,54.6667,51.5,11.12,94,100,12.03,RU,1701735763
340,cavan,53.9908,-7.3606,33.64,95,45,5.97,IE,1701735763
341,kenora,49.8167,-94.4337,31.17,74,100,2.3,CA,1701735763
342,luena,-11.7833,19.9167,62.6,88,100,3.22,AO,1701735764
343,ibipeba,-11.6408,-42.0111,74.64,62,68,0.6,BR,1701735764
344,luderitz,-26.6481,15.1594,59.63,73,0,18.5,NA,1701735494
345,kinana,14.0361,33.1712,79.23,29,24,11.16,SD,1701735764
346,lushun,38.8,121.2667,39.42,61,0,4.43,CN,1701735764
347,el tigre,8.8875,-64.2454,79.0,68,98,11.9,VE,1701735765
348,verkhniye kigi,55.4083,58.6044,18.07,90,97,15.08,RU,1701735765
349,bonthe,7.5264,-12.505,79.12,84,55,4.74,SL,1701735497
350,noumea,-22.2763,166.4572,89.58,99,100,13.0,NC,1701735765
351,totness,5.8833,-56.3167,80.02,83,5,13.31,SR,1701735765
352,ashoknagar,24.5667,77.7167,58.87,91,56,6.64,IN,1701735766
353,chibougamau,49.9168,-74.3659,-2.38,98,20,4.43,CA,1701735211
354,antonio enes,-16.2325,39.9086,77.41,80,80,1.81,MZ,1701735766
355,barcelos,41.5388,-8.6151,48.85,89,73,3.8,PT,1701735462
356,san mariano,7.5,126.0,78.08,81,89,2.68,PH,1701735766
357,afaahiti,-17.75,-149.2833,84.07,79,77,18.03,PF,1701735504
358,kismayo,-0.3582,42.5454,81.37,79,51,9.78,SO,1701735767
359,rreshen,41.7675,19.8756,42.08,74,92,3.8,AL,1701735767
360,tual,-5.6667,132.75,81.81,78,100,7.11,ID,1701735767
361,gadzhiyevo,69.2551,33.3362,12.04,95,89,5.08,RU,1701735416
362,markaz-e woluswali-ye achin,34.1258,70.7078,51.3,27,0,2.37,AF,1701735768
363,auna,10.1881,4.7232,77.11,28,2,4.41,NG,1701735768
364,camapua,-19.5314,-54.0439,77.32,70,99,2.86,BR,1701735769
365,kutum,14.2,24.6667,64.98,16,97,5.99,SD,1701735769
366,talcahuano,-36.7167,-73.1167,62.28,67,0,4.61,CL,1701735716
367,port-gentil,-0.7193,8.7815,79.65,83,100,6.17,GA,1701735769
368,mount gambier,-37.8333,140.7667,75.52,37,64,5.64,AU,1701735484
369,san julian,21.0167,-102.1667,50.74,90,100,7.0,MX,1701735770
370,lockwood,45.8191,-108.4149,46.29,40,100,0.0,US,1701735770
371,bakchar,57.0186,82.0711,-4.18,88,100,3.91,RU,1701735770
372,happy valley-goose bay,53.3168,-60.3315,5.31,85,20,8.05,CA,1701735503
373,peqin,41.0461,19.7511,42.66,79,98,2.62,AL,1701735770
374,kigali,-1.95,30.0588,62.73,93,100,3.0,RW,1701735771
375,irymple,-34.25,142.1667,89.1,36,45,13.35,AU,1701735771
376,svyetlahorsk,52.6329,29.7389,22.75,93,97,10.25,BY,1701735771
377,mayfield,36.7417,-88.6367,43.12,88,72,4.72,US,1701735771
378,gereida,11.2811,25.1414,72.54,18,33,8.37,SD,1701735772
379,cambria,35.5641,-121.0808,68.23,63,79,4.7,US,1701735579
380,south hedland,-20.4089,118.5983,87.73,62,10,12.66,AU,1701735772
381,parry sound,45.3501,-80.033,26.65,80,100,4.43,CA,1701735600
382,woodland park,40.8898,-74.1949,46.78,70,0,7.0,US,1701735475
383,kerikeri,-35.2268,173.9474,66.9,93,100,1.54,NZ,1701735773
384,staraya stanitsa,48.35,40.2833,27.16,70,68,7.47,RU,1701735773
385,san antonio oeste,-40.7319,-64.9477,71.2,24,0,6.76,AR,1701735773
386,shitanjing,39.2342,106.3439,32.0,42,2,23.64,CN,1701735773
387,la junta,37.985,-103.5438,55.18,28,0,5.75,US,1701735773
388,el bagre,7.5927,-74.8086,78.08,95,40,0.63,CO,1701735774
389,rio grande,-32.035,-52.0986,63.95,66,20,14.76,BR,1701735774
390,kavaratti,10.5669,72.642,83.46,72,100,11.83,IN,1701735548
391,gadani,25.1185,66.7299,57.42,40,0,7.16,PK,1701735774
392,valparaiso,-33.0393,-71.6273,58.64,77,40,8.05,CL,1701735497
393,sao joao da barra,-21.6403,-41.0511,78.89,94,20,8.9,BR,1701735775
394,axim,4.8699,-2.2405,79.65,85,4,5.53,GH,1701735775
395,new norfolk,-42.7826,147.0587,73.71,41,100,4.54,AU,1701735498
396,kimbe,-5.5502,150.1429,87.08,62,91,1.48,PG,1701735775
397,nizhnyaya omka,55.4338,74.9426,9.37,95,100,14.05,RU,1701735775
398,urangan,-25.3,152.9,79.74,71,4,11.03,AU,1701735776
399,santa ana,33.7456,-117.8678,79.86,54,40,6.91,US,1701735568
400,srandakan,-7.9386,110.2506,80.02,82,99,6.93,ID,1701735776
401,saynshand,44.8824,110.1163,24.82,76,75,11.39,MN,1701735776
402,yangambi,0.8102,24.4336,66.15,99,73,0.6,CD,1701735777
403,conde,-7.2597,-34.9075,80.06,83,20,5.75,BR,1701735777
404,el granada,37.5027,-122.4694,66.63,80,0,10.36,US,1701735445
405,mukharram al fawqani,34.8151,37.0861,56.98,60,100,3.69,SY,1701735777
406,long beach,33.767,-118.1892,78.96,66,0,12.66,US,1701735602
407,trashi yangtse,27.6116,91.498,44.6,52,92,5.86,BT,1701735778
408,zamania,25.4333,83.5667,65.66,64,100,5.19,IN,1701735778
409,nieuw amsterdam,5.8833,-55.0833,81.14,83,20,3.44,SR,1701735440
410,port hedland,-20.3167,118.5667,87.85,62,12,12.66,AU,1701735778
411,jingdezhen,29.2947,117.2079,47.01,91,54,1.7,CN,1701735778
412,mezhdurechenskiy,59.6,65.9333,5.32,95,100,10.74,RU,1701735779
413,tomatlan,19.9333,-105.25,75.07,71,100,2.71,MX,1701735420
414,gizo,-8.103,156.8419,80.74,85,100,25.99,SB,1701735779
415,varias,46.0167,20.95,33.22,65,100,6.22,RO,1701735779
416,walvis bay,-22.9575,14.5053,63.55,77,29,4.61,NA,1701735779
417,pimentel,-6.8367,-79.9342,71.89,68,0,20.71,PE,1701735780
418,prieska,-29.6641,22.7474,64.26,19,0,6.62,ZA,1701735780
419,eilat,29.5581,34.9482,64.24,48,0,3.44,IL,1701735780
420,waddan,29.1614,16.139,53.55,71,3,4.47,LY,1701735780
421,muisne,0.6,-80.0333,78.08,85,90,7.94,EC,1701735525
422,toma,12.7667,-2.8833,74.89,19,5,8.52,BF,1701735781
423,aqsay,51.1678,52.995,26.65,76,100,9.89,KZ,1701735781
424,tomsk,58.5,82.5,-15.72,95,100,2.3,RU,1701735781
425,beroroha,-21.6667,45.1667,75.11,62,31,1.86,MG,1701735782
426,kyongwon,42.8136,130.1528,30.43,82,10,0.31,KP,1701735782
427,fuglafjordur,62.244,-6.814,36.07,62,100,13.0,FO,1701735783
428,baiyin,36.5583,104.2081,32.14,34,15,7.9,CN,1701735783
429,anacapri,40.5558,14.2136,55.13,71,75,0.0,IT,1701735783
430,jaguaruna,-28.615,-49.0256,67.78,94,100,8.25,BR,1701735784
431,roswell,34.0232,-84.3616,56.98,48,0,9.22,US,1701735784
432,biltine,14.5333,20.9167,74.12,13,89,8.77,TD,1701735784
433,magdagachi,53.45,125.8,11.62,92,100,9.69,RU,1701735574
434,atbasar,51.8,68.3333,35.82,82,100,21.03,KZ,1701735785
435,ta`u,-14.2336,-169.5144,81.03,81,40,17.98,AS,1701735785
436,grand gaube,-20.0064,57.6608,73.38,86,75,10.89,MU,1701735786
437,prainha,-1.8,-53.48,81.39,65,94,5.46,BR,1701735786
438,kalmunai,7.4167,81.8167,77.38,89,86,6.08,LK,1701735786
439,kill devil hills,36.0307,-75.676,57.97,81,0,4.61,US,1701735443
440,genhe,50.7833,121.5167,19.4,71,100,7.43,CN,1701735787
441,fort st. john,56.2499,-120.8529,33.69,75,75,9.22,CA,1701735787
442,zuni pueblo,35.0725,-108.8506,47.03,61,41,4.34,US,1701735787
443,eyl,7.9803,49.8164,75.4,64,43,18.86,SO,1701735511
444,priargunsk,50.3691,119.1012,13.68,93,100,4.99,RU,1701735788
445,contamana,-7.3333,-75.0167,81.81,62,100,3.24,PE,1701735788
446,floro,61.5996,5.0328,30.16,74,100,6.91,NO,1701735789
447,necochea,-38.5473,-58.7368,52.83,67,0,11.83,AR,1701735789
448,bavly,54.393,53.2602,12.92,92,100,11.41,RU,1701735790
449,tarauaca,-8.1614,-70.7656,73.63,98,100,2.68,BR,1701735790
450,pingnan,23.5543,110.3976,55.6,88,78,2.64,CN,1701735790
451,kavieng,-2.5744,150.7967,84.2,72,69,7.61,PG,1701735790
452,canutama,-6.5339,-64.3831,77.27,75,99,1.5,BR,1701735791
453,wanxian,30.8039,108.3897,51.31,95,64,3.4,CN,1701735791
454,vizinga,61.0749,50.1031,8.87,95,100,4.97,RU,1701735558
455,malindi,-3.2175,40.1191,79.79,82,81,7.0,KE,1701735792
456,marrakesh,31.6315,-8.0083,57.27,72,0,2.3,MA,1701735786
457,paita,-5.0892,-81.1144,69.33,82,49,12.68,PE,1701735792
458,sao manuel,-22.7311,-48.5706,72.75,83,99,6.96,BR,1701735792
459,anloga,5.7947,0.8973,82.27,80,0,6.78,GH,1701735793
460,pasvalys,56.0594,24.4036,13.51,98,54,4.43,LT,1701735794
461,victoria point,-27.5833,153.3,87.49,66,23,8.12,AU,1701735794
462,argo,37.6333,22.7333,57.78,86,97,4.18,GR,1701735527
463,cromwell,41.5951,-72.6454,47.44,78,20,4.61,US,1701735567
464,polyarnyy,69.1989,33.4478,13.12,93,83,5.39,RU,1701735475
465,vic-en-bigorre,43.3833,0.05,46.36,83,100,12.21,FR,1701735795
466,constantia,44.1833,28.65,32.7,64,10,6.62,RO,1701735361
467,campoverde,-8.4753,-74.8058,85.69,81,98,0.49,PE,1701735796
468,eraan,9.0629,117.7016,82.81,74,20,3.2,PH,1701735796
469,jeddah,21.5169,39.2192,80.46,69,20,0.0,SA,1701735536
470,borisoglebskiy,57.2586,39.1508,12.72,94,100,7.2,RU,1701735678
471,wakkanai,45.4094,141.6739,42.78,67,40,14.97,JP,1701735797
472,mudanjiang,44.5833,129.6,15.51,97,60,1.88,CN,1701735797
473,moranbah,-22.0016,148.0466,87.93,47,1,12.37,AU,1701735797
474,aykhal,66.0,111.5,-38.87,100,99,5.73,RU,1701735529
475,dadukou,26.5479,101.7054,50.77,87,100,1.5,CN,1701735798
476,margate,51.3813,1.3862,44.69,95,100,4.0,GB,1701735519
477,nema,57.5067,50.5011,8.08,95,96,7.67,RU,1701735798
478,severo-yeniseyskiy,60.3725,93.0408,-19.43,99,100,4.0,RU,1701735799
479,xining,36.6167,101.7667,30.2,39,53,0.54,CN,1701735799
480,huainan,32.6264,116.9969,46.49,50,0,6.15,CN,1701735799
481,nadi,-17.8,177.4167,87.8,62,40,13.8,FJ,1701735768
482,bargaal,11.2864,51.0773,75.88,77,56,14.94,SO,1701735800
483,kenai,60.5544,-151.2583,31.14,62,40,14.97,US,1701735800
484,tongliao,43.6125,122.2653,25.09,74,10,14.43,CN,1701735801
485,madalena,41.2162,-8.3345,47.46,97,47,2.93,PT,1701735801
486,kibaha,-6.7667,38.9167,73.62,92,26,2.13,TZ,1701735801
487,aliveri,38.4167,24.0333,56.41,86,100,7.81,GR,1701735802
488,ak-dovurak,51.1833,90.6,1.11,80,84,1.99,RU,1701735802
489,tambopata,-12.7333,-69.1833,73.9,98,92,0.51,PE,1701735803
490,miass,55.045,60.1083,22.39,83,92,11.99,RU,1701735803
491,lasem,-6.6922,111.4527,80.49,81,77,6.55,ID,1701735803
492,corner brook,48.9667,-57.9484,30.36,96,100,1.72,CA,1701735520
493,petrolina,-9.3986,-40.5008,78.85,65,40,2.3,BR,1701735804
494,ritchie,-29.038,24.6028,65.41,12,35,9.57,ZA,1701735804
495,ewo,-0.8725,14.8206,72.14,95,100,3.65,CG,1701735804
496,wetumpka,32.5437,-86.2119,57.15,55,61,5.59,US,1701735805
497,anderson,34.5334,-82.6499,58.82,42,0,6.91,US,1701735543
498,phanom thuan,14.1303,99.6986,74.59,88,93,3.24,TH,1701735805
499,homer,59.6425,-151.5483,33.69,75,100,12.66,US,1701735805
500,leh,34.1667,77.5833,15.4,41,1,6.67,IN,1701735541
501,juarez,31.7333,-106.4833,63.41,24,0,4.61,MX,1701735722
502,carutapera,-1.195,-46.02,78.33,82,43,6.96,BR,1701735436
503,tamandare,-8.7597,-35.1047,79.09,85,91,9.66,BR,1701735806
504,ebon,4.582,168.6964,82.63,78,99,17.11,MH,1701735807
505,bangar,16.8936,120.4243,81.46,71,50,3.2,PH,1701735807
506,ampanihy,-24.7,44.75,66.42,89,0,4.92,MG,1701735807
507,sarwar,26.0667,75.0,60.19,88,1,6.44,IN,1701735808
508,yushu,44.8,126.5333,19.27,93,34,7.7,CN,1701735808
509,vilhena,-12.7406,-60.1458,70.07,96,97,1.48,BR,1701735518
510,greymouth,-42.4667,171.2,61.86,69,81,6.11,NZ,1701735530
511,puerto deseado,-47.7503,-65.8938,61.2,43,5,23.78,AR,1701735809
512,najran,17.4924,44.1277,54.25,57,14,2.51,SA,1701735569
513,jinchang,38.4953,102.1739,31.78,34,32,10.87,CN,1701735809
514,bijie,27.3125,105.2942,45.36,92,100,3.74,CN,1701735809
515,suntar,62.1444,117.6319,-41.31,96,99,6.4,RU,1701735810
516,al wajh,26.2455,36.4525,73.35,56,0,0.0,SA,1701735810
517,mwene-ditu,-7.0,23.45,61.45,97,94,0.47,CD,1701735810
518,at-bashi,41.1702,75.8106,19.2,71,8,2.82,KG,1701735811
519,quesnel,52.9999,-122.5029,39.7,81,100,14.97,CA,1701735811
520,harper,4.375,-7.7169,79.63,86,4,6.82,LR,1701735811
521,bardai,11.65,7.2333,70.29,20,94,7.7,NG,1701735812
522,askoy,60.4092,5.226,27.75,100,29,3.44,NO,1701735812
523,taulaga,-11.0553,-171.0883,83.39,76,86,14.45,AS,1701735812
524,hadibu,12.65,54.0333,76.95,69,46,16.24,YE,1701735462
525,athni,16.7333,75.0667,69.19,73,100,8.95,IN,1701735813
526,kitimat,54.0524,-128.6534,37.78,64,100,1.59,CA,1701735813
527,springs,-26.25,28.4,70.66,56,42,7.27,ZA,1701735813
528,sao paulo de olivenca,-3.3783,-68.8725,75.51,95,88,2.57,BR,1701735523
529,ashgabat,37.95,58.3833,44.46,76,0,4.61,TM,1701735814
530,yermolayevo,52.7167,55.8,19.42,95,100,6.38,RU,1701735814
531,ghat,24.9647,10.1728,56.95,32,0,1.48,LY,1701735531
532,ulsteinvik,62.3432,5.8487,30.76,78,73,5.99,NO,1701735815
533,vorkuta,67.5,64.0,-18.35,94,5,5.21,RU,1701735815
534,thunder bay,48.4001,-89.3168,33.78,80,100,3.44,CA,1701735780
535,kudymkar,59.0173,54.656,3.92,97,99,4.25,RU,1701735816
536,usinsk,65.9939,57.5281,-14.93,94,65,8.01,RU,1701735443
537,janakpur,26.7183,85.9065,63.01,49,80,4.76,NP,1701735816
538,quellon,-43.1167,-73.6167,52.23,88,47,9.93,CL,1701735469
539,rajapur,25.3833,81.15,61.41,76,77,4.09,IN,1701735817
540,praia,14.9215,-23.5087,77.54,78,75,18.41,CV,1701735752
541,kokshetau,53.2775,69.3883,36.1,87,100,21.41,KZ,1701735817
542,celano,42.0855,13.5398,40.57,74,100,1.99,IT,1701735817
543,ville platte,30.688,-92.2715,59.95,45,19,6.6,US,1701735818
544,grand falls-windsor,48.9332,-55.6649,30.51,92,100,6.82,CA,1701735441
545,jizzax,40.1158,67.8422,49.48,40,46,1.5,UZ,1701735818
546,choyr,46.3611,108.3611,19.53,82,41,20.22,MN,1701735819
547,seydi,39.4816,62.9137,53.71,37,3,9.15,TM,1701735819
548,tame,6.461,-71.73,77.94,63,92,4.74,CO,1701735820
549,robinson,31.4677,-97.1147,58.51,47,0,3.44,US,1701735820
550,bubaque,11.2833,-15.8333,82.72,69,2,11.97,GW,1701735528
551,mamou,10.5,-12.0,69.17,34,8,2.1,GN,1701735820
552,port-vila,-17.7338,168.3219,83.8,74,75,12.66,VU,1701735820
553,murshidabad,24.1833,88.2667,73.33,46,100,4.23,IN,1701735821
554,bom jesus,-9.0744,-44.3586,75.34,68,67,0.58,BR,1701735821
555,canakkale,40.0833,26.8333,46.92,95,100,9.62,TR,1701735821
556,quibala,-10.7337,14.98,59.58,98,94,0.76,AO,1701735821
557,bambanglipuro,-7.95,110.2833,79.95,82,99,7.2,ID,1701735442
558,morant bay,17.8815,-76.4093,83.82,82,6,9.84,JM,1701735822
559,rikaze,29.25,88.8833,20.75,60,0,2.55,CN,1701735551
560,marinette,45.1,-87.6307,30.69,93,75,0.0,US,1701735822
561,keokuk,40.3973,-91.3849,40.08,87,20,11.5,US,1701735822
562,tulun,54.5611,100.5792,3.67,75,91,18.3,RU,1701735334
563,kirchlinteln,52.95,9.3167,30.88,93,100,13.0,DE,1701735823
564,chernyshevskiy,63.0128,112.4714,-41.64,99,65,4.23,RU,1701735823
565,felixstowe,51.9637,1.3511,43.83,87,100,3.0,GB,1701735823
566,shimoda,34.6667,138.95,53.96,60,100,1.74,JP,1701735823
567,fort mcmurray,56.7268,-111.381,29.79,86,0,5.75,CA,1701735442
568,nadym,65.5333,72.5167,-35.66,100,54,4.5,RU,1701735824
569,port saint john's,-31.6229,29.5448,65.7,88,100,10.29,ZA,1701735824
570,cabo san lucas,22.8909,-109.9124,82.71,54,0,4.61,MX,1701735480
